index;Group
ho3384;darkred
nh2118;darkgreen
ni0665;darkgreen
ni8189;darkred
nl7187;darkgreen
nn0966;darkgreen
no1740;darkgreen
nq3967;darkgreen
nq5400;darkgreen
nr5193;darkgreen
nt5910;darkgreen
nu0687;darkgreen
nu9969;darkgreen
nv7285;darkgreen
nv8762;darkgreen
ob4811;darkgreen
ob4860;darkgreen
oc0909;darkgreen
oc9785;darkgreen
od3399;darkgreen
of7414;darkgreen
og2901;darkgreen
oh3122;darkgreen
oh7156;darkgreen
oj7527;darkgreen
ok1999;darkgreen
ok6402;darkgreen
ol8811;darkgreen
om2144;darkgreen
om2763;darkred
om3324;darkgreen
om9255;darkgreen
om9313;darkgreen
on2945;darkgreen
on9775;darkgreen
oo5194;darkgreen
oo9790;darkgreen
os0506;darkred
os8566;darkred
ot4853;darkred
ou2004;darkred
ou9249;darkred
ox1581;darkred
ox6960;darkred
ox7729;darkred
oy8593;darkred
oz3346;darkred
oz6471;darkred
pa4637;darkred
pa6483;darkred
pb7910;darkred
pb9866;darkred
pd7678;darkred
ph1503;darkred
ph8318;darkred
pk4172;darkred
pk6045;darkred
pk7308;darkgreen
wp3927;darkred
wq5251;darkred
wr8031;darkred
wt7239;darkred
wt9623;darkred
wu1289;darkred
wu1636;darkred
wu6007;darkred
wv0777;darkred
wv2773;darkred
wv7822;darkred
wx2334;darkred
wy2804;darkred
wz0104;darkred
xa2543;darkred
xa7120;darkred
xb2260;darkred
xb9489;darkred
xc8845;darkred
xg6068;darkred
xk0827;darkred
xk4530;darkgreen
xk7699;darkgreen
xl4463;darkgreen
xl5106;darkgreen
xl7086;darkgreen
xm9487;darkgreen
xn1582;darkgreen
xo3595;darkgreen
xo3728;darkred
xo4734;darkred
ye6753;darkred
